tract,state,county,pop_total,pop_white,pop_black,pop_hispanic
981100,36,059,1115.0,640.0,165.0,183.0
990302,36,059,0.0,0.0,0.0,0.0
990200,36,059,0.0,0.0,0.0,0.0
522700,36,059,4737.0,4521.0,3.0,120.0
416402,36,059,3110.0,2624.0,140.0,293.0
990400,36,059,0.0,0.0,0.0,0.0
982100,36,059,1366.0,661.0,271.0,182.0
980100,36,059,1012.0,682.0,65.0,108.0
416401,36,059,4283.0,3812.0,32.0,324.0
416801,36,059,2077.0,1755.0,87.0,165.0
416802,36,059,3754.0,3117.0,0.0,594.0
990100,36,059,0.0,0.0,0.0,0.0
521902,36,059,4183.0,3991.0,2.0,155.0
990301,36,059,0.0,0.0,0.0,0.0
304203,36,059,5715.0,103.0,2930.0,2668.0
304204,36,059,5063.0,147.0,1671.0,3091.0
406701,36,059,2813.0,398.0,809.0,1445.0
521302,36,059,5526.0,4854.0,0.0,531.0
521500,36,059,5032.0,4431.0,0.0,339.0
406702,36,059,4529.0,856.0,2261.0,1280.0
406801,36,059,5145.0,185.0,1699.0,3054.0
406802,36,059,4531.0,60.0,1210.0,3243.0
407203,36,059,3294.0,201.0,1757.0,1081.0
407204,36,059,2754.0,256.0,1416.0,890.0
414303,36,059,4879.0,1681.0,1224.0,1862.0
414304,36,059,3183.0,756.0,758.0,1614.0
518203,36,059,4418.0,3450.0,123.0,150.0
519704,36,059,3096.0,2249.0,0.0,157.0
520100,36,059,5522.0,4990.0,5.0,109.0
521602,36,059,3250.0,2948.0,0.0,143.0
300100,36,059,5187.0,4841.0,51.0,93.0
300800,36,059,4202.0,2160.0,41.0,351.0
301102,36,059,4635.0,3618.0,12.0,658.0
302101,36,059,4429.0,3535.0,42.0,175.0
302300,36,059,4547.0,2340.0,65.0,55.0
304001,36,059,2410.0,1799.0,22.0,230.0
404400,36,059,5207.0,4583.0,0.0,424.0
404902,36,059,5387.0,350.0,2976.0,1417.0
406400,36,059,7047.0,6702.0,0.0,259.0
409300,36,059,4364.0,3162.0,3.0,943.0
411800,36,059,6160.0,5013.0,257.0,631.0
413002,36,059,3991.0,3306.0,14.0,649.0
413900,36,059,7159.0,100.0,3571.0,3454.0
414001,36,059,4070.0,91.0,2929.0,944.0
414202,36,059,4156.0,351.0,1578.0,2172.0
414700,36,059,4607.0,3819.0,55.0,393.0
415201,36,059,3332.0,2784.0,195.0,122.0
415802,36,059,6744.0,6168.0,4.0,420.0
517400,36,059,5051.0,4405.0,72.0,458.0
517705,36,059,3079.0,2354.0,0.0,274.0
520900,36,059,4866.0,4570.0,0.0,208.0
518800,36,059,3575.0,2155.0,0.0,109.0
518900,36,059,6736.0,2807.0,773.0,952.0
519500,36,059,6260.0,3866.0,4.0,652.0
300500,36,059,5396.0,4695.0,19.0,146.0
301400,36,059,2045.0,1624.0,0.0,165.0
301800,36,059,5141.0,2774.0,699.0,831.0
302501,36,059,2682.0,1859.0,0.0,81.0
302700,36,059,4588.0,1777.0,8.0,339.0
302800,36,059,6616.0,2968.0,172.0,960.0
302900,36,059,4522.0,3127.0,39.0,302.0
301101,36,059,6620.0,3379.0,47.0,1645.0
302102,36,059,3702.0,3130.0,3.0,244.0
303302,36,059,4238.0,3319.0,131.0,540.0
303800,36,059,4867.0,3302.0,45.0,838.0
405100,36,059,8461.0,974.0,5000.0,1532.0
405800,36,059,4322.0,3634.0,7.0,364.0
406600,36,059,4101.0,3647.0,0.0,168.0
406900,36,059,6939.0,252.0,3125.0,3243.0
407000,36,059,7995.0,181.0,4266.0,3441.0
408000,36,059,5855.0,4304.0,447.0,323.0
409100,36,059,5026.0,3715.0,18.0,843.0
410800,36,059,4607.0,2324.0,649.0,770.0
411200,36,059,6661.0,5170.0,100.0,1267.0
517101,36,059,4986.0,2882.0,457.0,1197.0
411302,36,059,7122.0,6611.0,73.0,371.0
411901,36,059,3681.0,2371.0,53.0,1039.0
413803,36,059,3970.0,1402.0,1127.0,1185.0
415202,36,059,3949.0,3530.0,7.0,264.0
415600,36,059,5448.0,4956.0,19.0,267.0
517102,36,059,2320.0,1620.0,83.0,457.0
517701,36,059,7644.0,5406.0,210.0,195.0
518100,36,059,2902.0,2526.0,66.0,173.0
519802,36,059,5319.0,4183.0,73.0,235.0
519900,36,059,5505.0,4730.0,65.0,281.0
520401,36,059,4255.0,3155.0,83.0,665.0
520200,36,059,3206.0,2525.0,2.0,298.0
518201,36,059,4417.0,3690.0,113.0,245.0
519200,36,059,6430.0,3596.0,11.0,902.0
519703,36,059,3417.0,2487.0,17.0,182.0
519801,36,059,2536.0,1859.0,0.0,218.0
520002,36,059,4482.0,3327.0,90.0,701.0
520800,36,059,3885.0,3497.0,22.0,303.0
521200,36,059,2930.0,2693.0,120.0,70.0
521700,36,059,4690.0,4110.0,14.0,519.0
521801,36,059,3853.0,3298.0,5.0,469.0
300700,36,059,6212.0,4120.0,219.0,603.0
302000,36,059,4897.0,4004.0,23.0,245.0
302400,36,059,5254.0,3353.0,1.0,495.0
303000,36,059,5793.0,2056.0,12.0,1249.0
303900,36,059,4235.0,1214.0,2022.0,472.0
404600,36,059,4428.0,3743.0,32.0,421.0
404901,36,059,5710.0,375.0,3798.0,661.0
406001,36,059,4911.0,2970.0,362.0,1066.0
518501,36,059,6909.0,4327.0,96.0,158.0
518000,36,059,6176.0,4708.0,186.0,643.0
518400,36,059,4234.0,2841.0,67.0,141.0
519400,36,059,4295.0,2924.0,0.0,615.0
301000,36,059,5698.0,4826.0,80.0,244.0
301200,36,059,5759.0,4777.0,27.0,477.0
301700,36,059,2719.0,2288.0,0.0,97.0
303301,36,059,3056.0,2192.0,1.0,79.0
303400,36,059,2576.0,2069.0,23.0,171.0
303600,36,059,7225.0,4017.0,228.0,2091.0
404500,36,059,3970.0,3164.0,35.0,412.0
407201,36,059,5197.0,20.0,1541.0,3586.0
407301,36,059,7265.0,4535.0,1015.0,902.0
410400,36,059,4932.0,889.0,2150.0,952.0
407502,36,059,5471.0,288.0,2601.0,2343.0
408800,36,059,6724.0,4973.0,139.0,976.0
409700,36,059,4160.0,3536.0,11.0,517.0
518204,36,059,4185.0,3444.0,87.0,72.0
518700,36,059,5812.0,3925.0,20.0,188.0
520501,36,059,3843.0,2926.0,0.0,631.0
521100,36,059,4842.0,4535.0,0.0,285.0
521301,36,059,2101.0,1929.0,11.0,147.0
521802,36,059,4081.0,3524.0,21.0,408.0
409800,36,059,5831.0,305.0,4322.0,500.0
408200,36,059,6289.0,3802.0,68.0,1342.0
408500,36,059,6460.0,5341.0,67.0,547.0
409500,36,059,3814.0,3143.0,0.0,431.0
412100,36,059,6301.0,4999.0,208.0,767.0
411400,36,059,6612.0,5398.0,384.0,611.0
412302,36,059,3624.0,2697.0,200.0,595.0
412500,36,059,4165.0,3968.0,54.0,143.0
413300,36,059,6460.0,5761.0,0.0,544.0
413804,36,059,3720.0,1915.0,1000.0,518.0
414502,36,059,4112.0,2287.0,484.0,964.0
415401,36,059,5353.0,4832.0,18.0,400.0
416500,36,059,6308.0,2596.0,1640.0,1297.0
410900,36,059,6930.0,2103.0,2337.0,926.0
411100,36,059,4394.0,876.0,1234.0,2113.0
411600,36,059,6535.0,6291.0,23.0,84.0
412700,36,059,3915.0,3385.0,143.0,251.0
415000,36,059,5335.0,4648.0,40.0,375.0
413001,36,059,3988.0,3447.0,90.0,273.0
413100,36,059,5151.0,4023.0,65.0,728.0
414501,36,059,5262.0,2660.0,1269.0,1050.0
415300,36,059,6011.0,4908.0,216.0,459.0
416300,36,059,3369.0,3038.0,21.0,224.0
303101,36,059,3594.0,1478.0,95.0,312.0
406202,36,059,6317.0,197.0,4739.0,1023.0
408700,36,059,4848.0,3468.0,1.0,665.0
413500,36,059,7929.0,2510.0,2648.0,2299.0
416201,36,059,3410.0,2578.0,115.0,573.0
517901,36,059,4870.0,4397.0,5.0,275.0
416202,36,059,4807.0,2927.0,12.0,1717.0
414201,36,059,5072.0,786.0,1202.0,2785.0
415102,36,059,4828.0,4450.0,56.0,272.0
416900,36,059,4023.0,3846.0,7.0,145.0
517200,36,059,8078.0,2569.0,1343.0,3200.0
517302,36,059,5210.0,3347.0,121.0,1214.0
519000,36,059,6758.0,3815.0,200.0,1005.0
519300,36,059,5965.0,3016.0,78.0,881.0
519601,36,059,4250.0,3242.0,7.0,138.0
520001,36,059,7228.0,5938.0,2.0,672.0
301500,36,059,2985.0,2544.0,0.0,129.0
302502,36,059,2710.0,1908.0,87.0,53.0
303102,36,059,4074.0,1709.0,0.0,140.0
303202,36,059,4204.0,1629.0,23.0,984.0
407302,36,059,4388.0,747.0,1527.0,1765.0
407401,36,059,6097.0,585.0,2282.0,3205.0
407600,36,059,5471.0,3363.0,72.0,1138.0
407700,36,059,4958.0,3229.0,7.0,1056.0
414301,36,059,4122.0,812.0,1173.0,1765.0
414600,36,059,3728.0,3122.0,154.0,291.0
407402,36,059,3580.0,436.0,1345.0,1441.0
414800,36,059,6676.0,5793.0,92.0,329.0
520600,36,059,5879.0,4187.0,116.0,1070.0
521601,36,059,4148.0,3888.0,20.0,128.0
407802,36,059,1775.0,699.0,647.0,347.0
521000,36,059,4883.0,4543.0,0.0,172.0
519602,36,059,1983.0,1620.0,0.0,30.0
300600,36,059,6380.0,4293.0,38.0,143.0
303700,36,059,7047.0,5582.0,203.0,762.0
406201,36,059,3058.0,964.0,535.0,1299.0
410100,36,059,5762.0,4567.0,357.0,347.0
411902,36,059,3889.0,2929.0,61.0,721.0
416701,36,059,4247.0,3121.0,30.0,840.0
414900,36,059,7133.0,5517.0,89.0,817.0
518300,36,059,5938.0,3893.0,11.0,554.0
413600,36,059,5663.0,2469.0,1116.0,1686.0
519100,36,059,6205.0,3037.0,169.0,806.0
520700,36,059,4975.0,4515.0,157.0,155.0
522000,36,059,6214.0,3030.0,2134.0,827.0
410700,36,059,6158.0,3033.0,1222.0,580.0
412900,36,059,6384.0,1010.0,3876.0,1015.0
413400,36,059,5604.0,4895.0,61.0,535.0
415500,36,059,2517.0,2132.0,29.0,275.0
517301,36,059,3266.0,2029.0,162.0,835.0
520300,36,059,6000.0,5017.0,28.0,573.0
407102,36,059,6883.0,103.0,3720.0,2913.0
518600,36,059,4198.0,2780.0,0.0,59.0
409400,36,059,4184.0,3384.0,50.0,644.0
412200,36,059,5115.0,4422.0,86.0,440.0
414002,36,059,5000.0,29.0,2828.0,2024.0
521400,36,059,6462.0,6004.0,7.0,192.0
301900,36,059,2997.0,2527.0,0.0,54.0
304202,36,059,3870.0,688.0,1047.0,1940.0
406002,36,059,3580.0,2311.0,328.0,489.0
302200,36,059,3921.0,1766.0,419.0,845.0
408400,36,059,3897.0,2854.0,320.0,391.0
408600,36,059,4717.0,3165.0,160.0,960.0
408900,36,059,5960.0,4187.0,72.0,992.0
409600,36,059,5125.0,4304.0,0.0,539.0
410000,36,059,4185.0,1496.0,1059.0,595.0
410300,36,059,6979.0,1408.0,2351.0,1926.0
411301,36,059,3733.0,2803.0,277.0,329.0
411500,36,059,2667.0,2415.0,63.0,61.0
415101,36,059,2522.0,2088.0,195.0,148.0
415402,36,059,4366.0,3929.0,9.0,268.0
415700,36,059,5886.0,5216.0,51.0,487.0
416100,36,059,6312.0,5691.0,3.0,410.0
416600,36,059,5517.0,4512.0,139.0,581.0
517500,36,059,3977.0,3292.0,129.0,240.0
517600,36,059,4983.0,4152.0,117.0,558.0
517802,36,059,3173.0,2561.0,126.0,271.0
517902,36,059,2718.0,2448.0,16.0,140.0
303201,36,059,3877.0,1202.0,199.0,339.0
304100,36,059,4318.0,531.0,1242.0,1995.0
404300,36,059,3233.0,1622.0,46.0,765.0
405000,36,059,5396.0,834.0,1538.0,1619.0
405301,36,059,3854.0,2367.0,169.0,876.0
405500,36,059,5283.0,3763.0,136.0,829.0
406501,36,059,6797.0,5879.0,280.0,362.0
407101,36,059,5319.0,267.0,2880.0,1800.0
407801,36,059,5404.0,3569.0,253.0,688.0
408100,36,059,6434.0,4103.0,73.0,1245.0
408300,36,059,6987.0,4450.0,493.0,766.0
300300,36,059,4163.0,2962.0,82.0,618.0
300400,36,059,6040.0,4956.0,0.0,559.0
300900,36,059,8741.0,5079.0,385.0,212.0
301300,36,059,4594.0,2197.0,287.0,1490.0
304002,36,059,4438.0,2027.0,606.0,1241.0
301600,36,059,4795.0,3478.0,39.0,323.0
302600,36,059,2604.0,1611.0,59.0,356.0
303500,36,059,4860.0,3459.0,11.0,718.0
404700,36,059,6244.0,3587.0,93.0,1228.0
404800,36,059,6367.0,1081.0,2466.0,1539.0
405200,36,059,6693.0,1521.0,1589.0,1426.0
405302,36,059,4703.0,3367.0,11.0,896.0
405400,36,059,9124.0,3843.0,277.0,2828.0
405600,36,059,4497.0,3386.0,50.0,489.0
405700,36,059,4868.0,3196.0,65.0,1046.0
405900,36,059,5299.0,3413.0,656.0,848.0
406100,36,059,3268.0,2145.0,338.0,652.0
406300,36,059,3576.0,3177.0,17.0,215.0
407501,36,059,5027.0,180.0,2159.0,2575.0
407900,36,059,5938.0,4285.0,523.0,561.0
409000,36,059,5912.0,4314.0,82.0,1038.0
409200,36,059,5990.0,4375.0,3.0,1156.0
410200,36,059,3648.0,2496.0,241.0,472.0
412000,36,059,5822.0,3251.0,189.0,1993.0
519702,36,059,5301.0,4469.0,85.0,220.0
520402,36,059,4587.0,3469.0,247.0,425.0
520502,36,059,5231.0,4656.0,12.0,337.0
409900,36,059,9186.0,1197.0,3801.0,2253.0
410500,36,059,7196.0,1861.0,2095.0,1569.0
410600,36,059,7737.0,2140.0,1371.0,2819.0
411000,36,059,5410.0,2009.0,705.0,2456.0
411700,36,059,6484.0,4717.0,170.0,850.0
412301,36,059,3452.0,2325.0,65.0,836.0
412600,36,059,3821.0,3536.0,10.0,130.0
412800,36,059,3123.0,2052.0,350.0,592.0
413700,36,059,5158.0,2508.0,1064.0,1331.0
414400,36,059,5219.0,477.0,1465.0,3179.0
412400,36,059,5465.0,3499.0,960.0,760.0
413200,36,059,5991.0,5061.0,1.0,819.0
414100,36,059,7123.0,812.0,3433.0,2537.0
416000,36,059,4064.0,3678.0,0.0,351.0
416702,36,059,4213.0,3283.0,129.0,429.0
517000,36,059,3366.0,2350.0,130.0,518.0
517801,36,059,3735.0,3319.0,0.0,163.0
518502,36,059,2846.0,1317.0,112.0,168.0
147004,36,103,108.0,106.0,0.0,0.0
135208,36,103,3089.0,2779.0,31.0,167.0
146106,36,103,4934.0,707.0,745.0,3308.0
135209,36,103,3020.0,2594.0,0.0,184.0
158010,36,103,3328.0,2750.0,121.0,115.0
147003,36,103,4853.0,3900.0,44.0,665.0
146201,36,103,5516.0,899.0,705.0,3791.0
135402,36,103,6885.0,5895.0,117.0,635.0
146002,36,103,5657.0,890.0,587.0,3896.0
158319,36,103,3577.0,2369.0,217.0,577.0
146606,36,103,6948.0,6171.0,148.0,629.0
158001,36,103,4221.0,3497.0,24.0,170.0
158202,36,103,7808.0,5839.0,227.0,1194.0
158407,36,103,5556.0,4707.0,0.0,492.0
158900,36,103,7751.0,4510.0,429.0,2236.0
201004,36,103,3655.0,3031.0,25.0,520.0
111506,36,103,3592.0,1945.0,659.0,450.0
112104,36,103,2306.0,1480.0,111.0,145.0
122707,36,103,3073.0,2450.0,0.0,483.0
135002,36,103,5337.0,4331.0,27.0,404.0
111202,36,103,4973.0,3024.0,203.0,1473.0
112204,36,103,3935.0,3232.0,74.0,203.0
146402,36,103,3934.0,3211.0,119.0,455.0
158321,36,103,10138.0,6518.0,1131.0,1330.0
190704,36,103,3301.0,2073.0,260.0,833.0
146607,36,103,2345.0,1789.0,70.0,393.0
158712,36,103,7981.0,4955.0,479.0,2419.0
159407,36,103,7097.0,5099.0,515.0,1166.0
134907,36,103,4276.0,3663.0,84.0,387.0
135201,36,103,2128.0,1936.0,1.0,42.0
135204,36,103,4661.0,4388.0,0.0,121.0
135205,36,103,5220.0,4552.0,49.0,224.0
146500,36,103,5529.0,4329.0,85.0,892.0
146705,36,103,3108.0,2679.0,111.0,300.0
146706,36,103,2550.0,2202.0,76.0,157.0
147803,36,103,3033.0,2851.0,19.0,106.0
158007,36,103,8938.0,2855.0,740.0,821.0
158111,36,103,3231.0,2320.0,192.0,536.0
158112,36,103,4269.0,3035.0,384.0,593.0
158116,36,103,2048.0,1285.0,246.0,402.0
158317,36,103,6257.0,5381.0,0.0,483.0
158318,36,103,3991.0,3442.0,54.0,413.0
158401,36,103,1226.0,1034.0,38.0,104.0
158508,36,103,6358.0,4726.0,266.0,913.0
158511,36,103,6719.0,4659.0,101.0,1680.0
158512,36,103,3659.0,3401.0,2.0,213.0
158604,36,103,4836.0,3915.0,71.0,554.0
158609,36,103,4956.0,3612.0,252.0,616.0
158705,36,103,3667.0,687.0,1757.0,1038.0
158708,36,103,3492.0,2147.0,733.0,411.0
147001,36,103,4516.0,3821.0,0.0,592.0
147100,36,103,3069.0,2643.0,73.0,217.0
147300,36,103,8518.0,2634.0,2295.0,3357.0
147502,36,103,6303.0,5819.0,11.0,404.0
158002,36,103,5698.0,4633.0,11.0,341.0
158104,36,103,5321.0,4408.0,287.0,324.0
147702,36,103,4806.0,4411.0,27.0,221.0
158115,36,103,7019.0,5375.0,392.0,682.0
158207,36,103,4508.0,3726.0,48.0,239.0
158304,36,103,6957.0,5745.0,24.0,1017.0
158502,36,103,3585.0,3001.0,54.0,426.0
158608,36,103,4021.0,2384.0,298.0,743.0
158802,36,103,4882.0,4426.0,7.0,446.0
159103,36,103,6052.0,1337.0,1926.0,2621.0
159106,36,103,7099.0,4011.0,1100.0,1605.0
159300,36,103,2008.0,1834.0,21.0,29.0
159601,36,103,6325.0,5891.0,12.0,333.0
190707,36,103,5367.0,4256.0,245.0,554.0
169800,36,103,6280.0,2965.0,868.0,2263.0
170101,36,103,1945.0,1258.0,338.0,316.0
190401,36,103,8541.0,3893.0,1548.0,2812.0
110401,36,103,2282.0,2186.0,4.0,59.0
110600,36,103,7348.0,6811.0,140.0,283.0
111100,36,103,8123.0,2571.0,772.0,4322.0
111503,36,103,4473.0,3471.0,271.0,541.0
135301,36,103,3592.0,3149.0,19.0,178.0
135304,36,103,3366.0,3117.0,57.0,33.0
145602,36,103,6784.0,960.0,703.0,4949.0
145701,36,103,5057.0,3234.0,571.0,638.0
110300,36,103,4924.0,4403.0,83.0,312.0
111002,36,103,5592.0,1993.0,470.0,2748.0
111300,36,103,4260.0,4007.0,13.0,204.0
111504,36,103,1547.0,1317.0,28.0,121.0
122300,36,103,3882.0,2592.0,102.0,600.0
123402,36,103,6351.0,4507.0,373.0,1107.0
123801,36,103,3952.0,3034.0,119.0,700.0
124002,36,103,3194.0,2285.0,335.0,469.0
135005,36,103,3332.0,3011.0,14.0,256.0
135401,36,103,7008.0,6262.0,37.0,383.0
135403,36,103,4559.0,3601.0,116.0,607.0
145604,36,103,4560.0,760.0,696.0,2987.0
146204,36,103,7233.0,898.0,1131.0,5094.0
145804,36,103,3345.0,1474.0,351.0,998.0
145903,36,103,5626.0,3377.0,449.0,1515.0
146001,36,103,6183.0,1135.0,526.0,4368.0
146604,36,103,4332.0,2792.0,95.0,758.0
145808,36,103,2997.0,2378.0,85.0,173.0
145702,36,103,6852.0,1437.0,838.0,4367.0
145704,36,103,7436.0,1372.0,2006.0,3430.0
145803,36,103,4545.0,3652.0,48.0,570.0
145805,36,103,5768.0,4415.0,190.0,517.0
146103,36,103,4365.0,2823.0,257.0,1149.0
146615,36,103,4536.0,3671.0,134.0,390.0
146901,36,103,5267.0,4821.0,0.0,415.0
147402,36,103,3595.0,3289.0,0.0,253.0
147701,36,103,3497.0,3015.0,13.0,187.0
147802,36,103,3844.0,3452.0,1.0,215.0
147804,36,103,5633.0,5148.0,96.0,215.0
158102,36,103,4613.0,3202.0,111.0,1102.0
158205,36,103,1759.0,1564.0,0.0,147.0
158206,36,103,4044.0,3302.0,113.0,341.0
158308,36,103,8671.0,5279.0,630.0,2652.0
158310,36,103,4594.0,3628.0,122.0,723.0
158315,36,103,4565.0,3032.0,483.0,914.0
158320,36,103,6608.0,5219.0,627.0,751.0
158405,36,103,5020.0,4256.0,42.0,467.0
124101,36,103,4367.0,3321.0,68.0,886.0
110101,36,103,3676.0,3361.0,12.0,127.0
110801,36,103,1937.0,1812.0,3.0,51.0
111602,36,103,2675.0,2542.0,32.0,73.0
111801,36,103,6300.0,5026.0,240.0,422.0
111900,36,103,5338.0,4418.0,2.0,463.0
190705,36,103,3757.0,2388.0,12.0,825.0
146613,36,103,3959.0,3172.0,179.0,517.0
146703,36,103,4030.0,1976.0,355.0,1580.0
146704,36,103,2010.0,1788.0,0.0,154.0
122405,36,103,3420.0,565.0,1718.0,619.0
158506,36,103,2516.0,2249.0,6.0,187.0
158707,36,103,1796.0,1237.0,165.0,240.0
158711,36,103,5189.0,3991.0,476.0,433.0
110902,36,103,4731.0,1877.0,1042.0,1735.0
111703,36,103,3041.0,2563.0,9.0,275.0
112206,36,103,7661.0,6408.0,88.0,610.0
112212,36,103,3461.0,2508.0,143.0,190.0
122403,36,103,2381.0,455.0,1249.0,496.0
122501,36,103,4593.0,178.0,2677.0,1521.0
122801,36,103,5229.0,2117.0,1979.0,824.0
123002,36,103,4677.0,2901.0,334.0,1111.0
123202,36,103,9153.0,551.0,5274.0,2874.0
123301,36,103,7690.0,507.0,4085.0,2884.0
123600,36,103,3285.0,3113.0,39.0,53.0
123802,36,103,3664.0,2547.0,0.0,943.0
124102,36,103,3496.0,2761.0,48.0,612.0
124402,36,103,3445.0,3104.0,0.0,308.0
134702,36,103,5622.0,4712.0,139.0,179.0
134902,36,103,4614.0,4253.0,97.0,114.0
135102,36,103,4488.0,3812.0,0.0,312.0
110102,36,103,5164.0,4384.0,9.0,386.0
110901,36,103,2862.0,2478.0,20.0,234.0
111401,36,103,1306.0,989.0,62.0,147.0
111402,36,103,4538.0,3667.0,34.0,365.0
112102,36,103,3805.0,3026.0,162.0,205.0
112103,36,103,4688.0,3902.0,90.0,331.0
110402,36,103,3160.0,2938.0,0.0,113.0
124300,36,103,6655.0,4804.0,271.0,1047.0
134704,36,103,2438.0,2252.0,0.0,117.0
134903,36,103,1315.0,1050.0,20.0,241.0
201100,36,103,5904.0,1881.0,478.0,3142.0
145807,36,103,4219.0,3342.0,139.0,498.0
135101,36,103,4044.0,3165.0,140.0,374.0
111201,36,103,3996.0,1564.0,153.0,2213.0
111802,36,103,2990.0,2578.0,1.0,297.0
111804,36,103,2459.0,2172.0,38.0,159.0
122705,36,103,3037.0,1635.0,391.0,570.0
122901,36,103,6156.0,4452.0,39.0,1155.0
123102,36,103,3921.0,3203.0,85.0,505.0
123900,36,103,5823.0,4101.0,221.0,1181.0
124001,36,103,5000.0,3899.0,166.0,855.0
124601,36,103,2648.0,2279.0,6.0,297.0
134703,36,103,3683.0,3468.0,2.0,100.0
134904,36,103,6400.0,5178.0,63.0,394.0
135003,36,103,4486.0,4088.0,4.0,185.0
135103,36,103,4982.0,4378.0,122.0,151.0
145703,36,103,4492.0,1282.0,884.0,1874.0
145902,36,103,10193.0,1091.0,1968.0,6261.0
146205,36,103,2297.0,1981.0,104.0,143.0
146206,36,103,2172.0,1380.0,171.0,444.0
146800,36,103,6011.0,5391.0,0.0,469.0
147401,36,103,5492.0,4285.0,267.0,819.0
147501,36,103,7260.0,5871.0,295.0,943.0
147902,36,103,4044.0,3636.0,2.0,185.0
158006,36,103,6015.0,4923.0,96.0,281.0
158009,36,103,2542.0,2168.0,37.0,109.0
158107,36,103,4214.0,3256.0,70.0,388.0
159410,36,103,8010.0,6275.0,315.0,1142.0
158110,36,103,3358.0,2882.0,8.0,394.0
158306,36,103,6036.0,4943.0,87.0,692.0
180300,36,103,2744.0,2468.0,0.0,169.0
159602,36,103,4250.0,4030.0,48.0,48.0
170002,36,103,4137.0,3841.0,33.0,214.0
190403,36,103,3932.0,2563.0,36.0,1244.0
190708,36,103,1955.0,1801.0,0.0,71.0
111505,36,103,6852.0,3660.0,1091.0,1305.0
111704,36,103,3477.0,3168.0,0.0,229.0
112002,36,103,4629.0,3696.0,68.0,609.0
112210,36,103,7505.0,5448.0,313.0,398.0
112214,36,103,6276.0,4860.0,261.0,183.0
122502,36,103,5132.0,295.0,3337.0,1366.0
145603,36,103,6564.0,924.0,917.0,4431.0
145605,36,103,4078.0,787.0,541.0,2632.0
110502,36,103,2653.0,2564.0,21.0,10.0
145901,36,103,3359.0,1359.0,477.0,1363.0
146605,36,103,986.0,790.0,48.0,98.0
146614,36,103,5177.0,4670.0,52.0,285.0
110803,36,103,6093.0,5355.0,46.0,629.0
111001,36,103,2104.0,1655.0,53.0,265.0
111601,36,103,4311.0,3834.0,94.0,336.0
111701,36,103,5979.0,5268.0,29.0,534.0
111803,36,103,2848.0,2383.0,87.0,242.0
112001,36,103,5371.0,3930.0,101.0,913.0
112211,36,103,4588.0,3505.0,172.0,321.0
112213,36,103,5154.0,3142.0,243.0,401.0
159204,36,103,4008.0,3005.0,277.0,664.0
159406,36,103,4840.0,3521.0,294.0,824.0
159505,36,103,7816.0,5776.0,436.0,1539.0
147901,36,103,4348.0,3605.0,162.0,495.0
158103,36,103,4544.0,3100.0,92.0,1104.0
158203,36,103,1508.0,1228.0,29.0,117.0
158309,36,103,4594.0,2770.0,570.0,756.0
158402,36,103,4439.0,3629.0,54.0,675.0
158403,36,103,2130.0,1520.0,341.0,159.0
158509,36,103,4814.0,3491.0,258.0,712.0
158605,36,103,4767.0,3642.0,157.0,446.0
158704,36,103,8447.0,4452.0,1229.0,2591.0
158710,36,103,3866.0,2602.0,575.0,487.0
159105,36,103,7289.0,4862.0,209.0,1855.0
159404,36,103,6568.0,4100.0,936.0,1075.0
159408,36,103,4688.0,3033.0,331.0,1041.0
201003,36,103,3165.0,2194.0,201.0,736.0
170201,36,103,6117.0,5482.0,12.0,548.0
159506,36,103,9097.0,4461.0,1206.0,3328.0
169701,36,103,8034.0,7264.0,182.0,485.0
190502,36,103,2497.0,1888.0,28.0,440.0
122603,36,103,5742.0,3949.0,453.0,950.0
122902,36,103,4230.0,3806.0,20.0,235.0
123401,36,103,4233.0,2700.0,516.0,858.0
123500,36,103,6267.0,3943.0,999.0,1186.0
124500,36,103,5324.0,4096.0,41.0,392.0
124602,36,103,4117.0,3651.0,27.0,278.0
135104,36,103,5519.0,5093.0,33.0,195.0
158408,36,103,3965.0,3577.0,65.0,172.0
159203,36,103,5730.0,4842.0,216.0,549.0
158507,36,103,3952.0,2834.0,39.0,523.0
147602,36,103,4904.0,4508.0,74.0,308.0
158108,36,103,2866.0,1798.0,33.0,333.0
158505,36,103,4400.0,3540.0,74.0,331.0
158510,36,103,7168.0,5643.0,61.0,909.0
158606,36,103,4671.0,4103.0,13.0,371.0
158803,36,103,6648.0,4883.0,212.0,1105.0
159000,36,103,4647.0,2924.0,122.0,1511.0
159102,36,103,6721.0,4691.0,324.0,1453.0
159201,36,103,2897.0,2342.0,1.0,551.0
170001,36,103,5784.0,5203.0,10.0,489.0
170202,36,103,4164.0,3523.0,90.0,419.0
190402,36,103,2576.0,1948.0,127.0,466.0
159508,36,103,6654.0,5154.0,383.0,785.0
190601,36,103,4513.0,3737.0,18.0,491.0
201001,36,103,6912.0,5132.0,169.0,1214.0
158607,36,103,3312.0,2415.0,120.0,666.0
190706,36,103,4420.0,3465.0,277.0,507.0
190800,36,103,3263.0,2634.0,239.0,334.0
110501,36,103,2744.0,2456.0,9.0,167.0
110200,36,103,4946.0,4433.0,109.0,87.0
122802,36,103,3922.0,2376.0,475.0,874.0
124200,36,103,5173.0,4033.0,45.0,886.0
158114,36,103,3669.0,3085.0,18.0,363.0
122404,36,103,3683.0,2491.0,289.0,843.0
122602,36,103,4938.0,3033.0,157.0,1362.0
122704,36,103,2337.0,982.0,336.0,514.0
123001,36,103,5639.0,3746.0,383.0,928.0
123302,36,103,1874.0,87.0,1019.0,688.0
123701,36,103,7140.0,1494.0,962.0,4397.0
158709,36,103,2559.0,2332.0,45.0,134.0
158804,36,103,7561.0,5119.0,301.0,1819.0
159107,36,103,3752.0,2919.0,28.0,652.0
159108,36,103,7325.0,4873.0,384.0,1737.0
122406,36,103,5341.0,105.0,3178.0,1747.0
122601,36,103,5811.0,3262.0,854.0,965.0
122706,36,103,3646.0,2628.0,134.0,342.0
123101,36,103,3154.0,2526.0,91.0,452.0
123201,36,103,2261.0,566.0,680.0,870.0
123702,36,103,8960.0,4677.0,563.0,3400.0
146902,36,103,3687.0,3478.0,40.0,159.0
124401,36,103,3546.0,3102.0,62.0,317.0
134906,36,103,5985.0,5286.0,32.0,421.0
135004,36,103,3037.0,2588.0,114.0,189.0
135303,36,103,3945.0,3310.0,97.0,333.0
146003,36,103,9753.0,1666.0,2235.0,4952.0
146102,36,103,2872.0,367.0,493.0,1738.0
146105,36,103,6657.0,1232.0,669.0,4600.0
146202,36,103,4501.0,328.0,1728.0,2307.0
146203,36,103,4957.0,960.0,954.0,2819.0
146300,36,103,2172.0,1248.0,514.0,260.0
146403,36,103,4816.0,845.0,1366.0,2423.0
146404,36,103,3472.0,1163.0,782.0,1503.0
147200,36,103,6788.0,2862.0,1004.0,2654.0
146608,36,103,2706.0,1931.0,0.0,594.0
146611,36,103,3028.0,2424.0,322.0,161.0
146612,36,103,5072.0,4284.0,156.0,450.0
147503,36,103,1373.0,1283.0,0.0,86.0
147601,36,103,2327.0,2073.0,54.0,130.0
158011,36,103,4575.0,3596.0,7.0,403.0
158322,36,103,1930.0,1605.0,0.0,85.0
158323,36,103,6602.0,5800.0,4.0,547.0
158409,36,103,3989.0,3004.0,184.0,312.0
158410,36,103,3161.0,2976.0,87.0,98.0
159411,36,103,3451.0,2821.0,112.0,499.0
159412,36,103,8277.0,6573.0,408.0,920.0
159509,36,103,2980.0,2184.0,136.0,600.0
159510,36,103,173.0,88.0,0.0,77.0
159511,36,103,7615.0,4118.0,621.0,2124.0
159512,36,103,2319.0,1603.0,107.0,563.0
169703,36,103,1654.0,1460.0,19.0,130.0
169704,36,103,7039.0,5317.0,1037.0,363.0
169901,36,103,6388.0,4041.0,1198.0,1038.0
169902,36,103,4230.0,3617.0,204.0,369.0
190503,36,103,2838.0,2477.0,78.0,283.0
190504,36,103,1748.0,1674.0,14.0,26.0
190603,36,103,4962.0,2760.0,110.0,1994.0
190604,36,103,4321.0,3611.0,10.0,624.0
200901,36,103,1034.0,890.0,15.0,63.0
200902,36,103,7137.0,5095.0,138.0,1807.0
990100,36,103,0.0,0.0,0.0,0.0
